Series,Number,Name,Address
0,926764930,Henrique Antonio Buzin Vargas,Rua Desembargador Oswaldo Areas Horn 182
1,929861220,Henrique Antonio Buzin Vargas,Rua Desembargador Oswaldo Areas Horn 182
2,950529410,Henrique Antonio Buzin Vargas,Rua Desembargador Oswaldo Areas Horn 182
3,956345220,Henrique Antonio Buzin Vargas,Rua Desembargador Oswaldo Areas Horn 182
4,977300720,Henrique Antonio Buzin Vargas,Rua Desembargador Oswaldo Areas Horn 182
5,983120240,Henrique Antonio Buzin Vargas,Rua Desembargador Oswaldo Areas Horn 182
6,991691420,Henrique Antonio Buzin Vargas,Rua Desembargador Oswaldo Areas Horn 182
7,992635860,Henrique Antonio Buzin Vargas,Rua Desembargador Oswaldo Areas Horn 182
8,999383950,Henrique Antonio Buzin Vargas,Rua Desembargador Oswaldo Areas Horn 182
9,918814340,Henrique Antonio Buzin Vargas,Rua Desembargador Oswaldo Areas Horn 182